326.23055555555555,262.7111111111111,207.70208333333332,227.14444444444445,521.8284722222222,594.2854166666667,633.5152777777778,641.2527777777777,821.4770833333333,852.1770833333334,665.825,753.8347222222222,703.8076388888888,901.9138888888889,749.9256944444444,593.00625,586.65,768.4256944444444,920.9618055555555,1131.4798611111112,1344.0305555555556,1028.6625,844.8819444444445,942.0215277777778,844.3694444444444,720.1256944444444,889.9430555555556,768.4409722222222,
947.96875,955.5069444444445,699.3631944444444,699.1909722222222,697.6006944444445,738.4833333333333,896.3013888888889,724.7215277777777,725.6902777777777,608.6027777777778,641.0465277777778,668.2680555555555,685.0979166666667,689.8819444444445,659.4145833333333,878.8784722222222,767.6659722222222,591.6527777777778,774.1590277777777,475.25347222222223,589.9083333333333,681.0944444444444,694.8986111111111,542.7625,226.21944444444443,221.25694444444446,461.2784722222222,423.0520833333333,
731.3472222222222,858.70625,809.8277777777778,657.1013888888889,676.1388888888889,654.2277777777778,793.0083333333333,753.8243055555556,456.62916666666666,394.28125,555.8027777777778,535.28125,855.8076388888888,824.7472222222223,667.0069444444445,779.5173611111111,936.0923611111111,660.6395833333333,565.1125,800.3201388888889,949.7,641.1666666666666,651.0076388888889,639.2291666666666,801.025,742.4430555555556,701.9013888888888,641.3826388888889,
408.2298611111111,336.7368055555556,602.8076388888888,503.71875,435.725,538.9520833333333,816.5284722222223,809.8118055555556,455.2083333333333,303.9611111111111,314.2638888888889,564.3798611111112,857.85625,1034.1145833333333,1048.2208333333333,738.2083333333334,585.5770833333333,682.0493055555555,511.1402777777778,553.8881944444445,688.3229166666666,492.31458333333336,466.0361111111111,683.7180555555556,960.6270833333333,702.6840277777778,474.9479166666667,384.2659722222222,
587.1708333333333,696.1798611111111,708.34375,1061.8027777777777,1255.263888888889,892.5277777777778,812.8506944444445,776.9569444444444,900.1548611111111,699.3958333333334,903.1201388888888,817.475,629.9701388888889,473.62708333333336,755.8180555555556,807.8041666666667,729.9798611111111,822.0069444444445,829.45,770.3013888888889,658.3645833333334,575.7020833333333,721.8854166666666,756.9243055555555,710.4368055555556,639.6736111111111,657.4409722222222,423.01944444444445,
390.96875,441.6347222222222,469.4263888888889,684.9638888888888,800.5548611111111,642.8548611111111,351.74583333333334,462.7604166666667,650.5645833333333,859.6715277777778,1065.3333333333333,943.4930555555555,1104.8715277777778,999.9076388888889,944.8777777777777,844.1444444444444,769.9013888888888,915.6534722222223,803.5784722222222,951.3201388888889,920.7743055555555,908.6277777777777,665.2215277777777,685.6388888888889,738.0361111111112,1046.4118055555555,1077.7513888888889,782.3229166666666,
955.65625,963.2986111111111,1019.1951388888889,1022.4638888888888,733.7430555555555,742.9673611111111,903.8277777777778,704.6875,920.1111111111111,939.3347222222222,1036.6743055555555,737.7020833333333,872.0743055555556,1132.1381944444445,1150.9875,1159.6048611111112,1003.2680555555555,453.8576388888889,482.425,354.1458333333333,373.68055555555554,272.2326388888889,304.3833333333333,273.19375,410.3,441.2027777777778,727.63125,714.1902777777777,
679.0409722222222,755.3006944444444,1071.4555555555555,1111.825,1199.6986111111112,990.9909722222222,1139.7291666666667,1164.1743055555555,1011.4798611111111,747.0652777777777,511.62083333333334,692.3215277777778,689.7041666666667,622.8402777777778,684.0993055555556,591.1361111111111,647.9375,887.18125,901.5847222222222,658.9256944444444,543.7430555555555,609.1715277777778,466.14930555555554,413.4583333333333,549.4138888888889,459.1097222222222,502.34930555555553,868.7041666666667,
343.3923611111111,493.8027777777778,669.1402777777778,955.3527777777778,971.7951388888889,775.9305555555555,734.0048611111112,782.6965277777778,1134.8409722222223,1319.4090277777777,1199.7118055555557,1048.6909722222222,1018.7729166666667,1052.5270833333334,708.1951388888889,551.7972222222222,878.4472222222222,936.0576388888888,901.8034722222222,707.7993055555555,758.5979166666667,667.8715277777778,485.5152777777778,779.0611111111111,808.6340277777778,801.1618055555556,712.2013888888889,546.0951388888889,
797.6569444444444,531.5305555555556,953.3083333333333,1069.2111111111112,766.0083333333333,670.1791666666667,513.1993055555556,612.7027777777778,744.2569444444445,711.2479166666667,413.03333333333336,497.4923611111111,608.3291666666667,478.97569444444446,298.7104166666667,387.05694444444447,600.5993055555556,781.2006944444445,821.6645833333333,902.7951388888889,1350.8027777777777,1564.2534722222222,1491.63125,1223.0118055555556,1104.2909722222223,1081.9277777777777,898.9055555555556,767.1895833333333,
443.25069444444443,390.0097222222222,324.7319444444444,615.0034722222222,950.3055555555555,922.0791666666667,842.5395833333333,458.3541666666667,562.5159722222222,636.2326388888889,499.8375,364.1388888888889,346.94166666666666,442.2861111111111,453.59166666666664,482.05,602.7055555555555,548.5951388888889,544.3659722222222,751.6791666666667,662.1465277777778,524.6756944444444,1048.745138888889,1073.8354166666666,1030.5236111111112,664.6715277777778,654.9631944444444,791.2472222222223,
747.4458333333333,899.4680555555556,749.1569444444444,909.0048611111112,965.0840277777778,1122.045138888889,1433.0416666666667,1441.6048611111112,945.2013888888889,771.6805555555555,583.1173611111111,752.3833333333333,803.9875,788.1381944444445,1030.4694444444444,967.4083333333333,983.9743055555556,1140.7840277777777,1144.6277777777777,909.2638888888889,1192.7666666666667,1000.0326388888889,1208.4243055555555,1162.9138888888888,975.5756944444445,814.1506944444444,500.32430555555555,662.1888888888889,
603.96875,965.4256944444444,1173.3395833333334,1564.2833333333333,1427.0347222222222,1407.557638888889,1195.1402777777778,479.3534722222222,370.1972222222222,523.3416666666667,968.825,1073.3381944444445,1210.7513888888889,1132.3333333333333,1120.5125,813.7166666666667,594.0986111111112,779.7868055555556,828.5284722222223,553.0923611111111,890.9083333333333,1039.2805555555556,1240.0645833333333,700.9666666666667,362.31805555555553,541.2611111111111,535.2479166666667,599.9048611111111,
824.8777777777777,915.8319444444444,1009.2951388888889,853.2305555555556,757.7875,1123.932638888889,1035.1020833333334,678.2909722222222,677.8291666666667,695.1,812.8138888888889,725.8291666666667,632.0270833333333,1101.4715277777777,683.1263888888889,835.5673611111112,813.6923611111112,755.6583333333333,850.6965277777778,670.7555555555556,793.4847222222222,947.9131944444445,772.4305555555555,625.3277777777778,758.6972222222222,847.1916666666667,699.9631944444444,658.1701388888889,
622.6840277777778,581.8888888888889,576.0993055555556,597.7069444444444,568.6763888888889,556.0611111111111,494.3020833333333,347.15,161.17013888888889,256.80625,394.93055555555554,483.33680555555554,477.4875,668.6645833333333,784.1597222222222,842.3479166666667,899.90625,462.3826388888889,602.70625,578.1576388888889,693.1166666666667,564.7173611111111,608.7131944444444,717.3805555555556,821.9590277777778,792.9326388888888,1015.4486111111111,1197.3708333333334,
383.7638888888889,330.37916666666666,605.6055555555556,668.2527777777777,634.0215277777778,428.9888888888889,262.0138888888889,381.27916666666664,639.65625,1175.7805555555556,792.6083333333333,645.96875,676.19375,744.4805555555556,830.50625,326.97569444444446,422.6298611111111,458.8298611111111,520.4138888888889,465.63680555555555,401.81111111111113,539.1208333333333,502.1479166666667,721.7583333333333,696.2465277777778,677.2243055555556,824.8361111111111,763.0215277777778,
385.08125,795.9513888888889,784.3798611111112,866.8034722222222,503.1958333333333,701.8180555555556,914.4555555555555,750.1916666666667,628.2611111111111,797.8465277777777,937.7125,1104.7277777777779,852.3569444444445,990.9673611111111,1130.357638888889,798.8333333333334,1023.4791666666666,846.58125,559.9465277777778,679.0652777777777,530.4381944444444,659.3291666666667,746.8097222222223,708.7618055555556,696.0305555555556,766.6965277777778,1064.3229166666667,1208.3659722222221,
813.6451388888889,766.4388888888889,688.5993055555556,858.4916666666667,837.1861111111111,811.5513888888889,780.8215277777778,840.9673611111111,822.0347222222222,908.1243055555556,933.6680555555556,1028.9277777777777,1058.8833333333334,620.7888888888889,668.1333333333333,794.5145833333333,817.6930555555556,824.4465277777778,937.4986111111111,1443.49375,1535.7298611111112,1331.9361111111111,1027.3583333333333,990.2326388888889,1216.0104166666667,932.0493055555555,1006.2201388888889,695.0979166666667,
620.4458333333333,496.0083333333333,465.15,635.6659722222222,848.5013888888889,653.0763888888889,708.4451388888889,539.2805555555556,438.5263888888889,449.4951388888889,603.3708333333333,483.22569444444446,520.9194444444445,380.1590277777778,376.45972222222224,298.90069444444447,368.53819444444446,573.0194444444444,600.4368055555556,582.5013888888889,557.9361111111111,371.30555555555554,550.1236111111111,486.3520833333333,364.2319444444444,486.13194444444446,559.7152777777778,857.9965277777778,
563.7368055555555,400.92291666666665,427.8305555555556,444.1048611111111,602.2875,496.49791666666664,479.6222222222222,494.0513888888889,843.40625,463.6326388888889,303.525,363.12569444444443,710.3090277777778,818.9180555555556,850.93125,870.4847222222222,885.4666666666667,1070.5118055555556,1345.3770833333333,1242.5090277777779,1253.2590277777779,971.9215277777778,854.3875,726.7743055555555,476.1201388888889,485.3965277777778,666.3152777777777,321.73055555555555,
603.6201388888888,822.36875,823.9270833333334,723.7611111111111,847.4416666666667,862.1701388888889,814.5618055555556,557.7833333333333,707.5118055555556,871.2305555555556,1096.0104166666667,914.7652777777778,635.7263888888889,986.6208333333333,990.3520833333333,865.725,885.9875,585.1493055555555,659.05625,666.4965277777778,595.5173611111111,454.19097222222223,389.9625,407.79305555555555,640.4055555555556,928.1013888888889,843.7645833333333,696.7958333333333,
616.8166666666667,749.3847222222222,672.5194444444444,501.80902777777777,590.1201388888888,777.4055555555556,615.3222222222222,494.75138888888887,413.76180555555555,449.76944444444445,621.5006944444444,401.5826388888889,362.31388888888887,259.27569444444447,328.93888888888887,268.4138888888889,292.58194444444445,245.37291666666667,454.7631944444444,869.29375,636.0215277777778,781.3819444444445,911.0027777777777,943.4972222222223,906.7381944444444,933.3020833333334,881.3805555555556,738.5513888888889,
827.1166666666667,806.3763888888889,867.2541666666667,924.9611111111111,944.1965277777778,867.9819444444445,617.9430555555556,666.3993055555555,721.8423611111111,460.08125,938.0069444444445,777.0673611111112,768.025,1054.6465277777777,1084.925,1077.8909722222222,751.1895833333333,682.1472222222222,764.3368055555555,775.4152777777778,871.5715277777778,905.15625,793.525,566.8958333333334,529.2138888888888,482.41180555555553,644.5125,909.6416666666667,
366.3,636.9173611111111,713.4222222222222,773.9652777777778,725.3784722222222,685.6923611111112,575.7763888888888,586.4104166666667,802.6041666666666,870.6673611111111,747.4333333333333,612.2847222222222,644.3305555555555,733.2083333333334,528.6125,782.9173611111111,1134.29375,801.9090277777777,481.1763888888889,336.1034722222222,379.49305555555554,551.8868055555556,640.9847222222222,611.6743055555555,700.4159722222222,763.1888888888889,708.7375,801.0409722222222,
984.5611111111111,1156.1138888888888,907.7173611111111,645.2833333333333,911.0368055555556,887.4277777777778,686.5555555555555,729.7923611111111,809.3270833333333,1118.25,1173.9645833333334,1124.7388888888888,1229.3479166666666,1448.2631944444445,1160.5611111111111,970.50625,872.9833333333333,1117.1069444444445,840.7319444444445,680.6479166666667,559.7965277777778,675.6569444444444,621.8958333333334,563.0548611111111,652.7048611111111,871.1291666666667,830.4673611111111,1004.0854166666667,
908.3381944444444,499.15208333333334,322.65277777777777,277.75208333333336,291.43541666666664,510.3409722222222,471.2916666666667,324.5201388888889,409.8638888888889,439.77986111111113,680.9409722222222,681.9583333333334,573.56875,823.2076388888889,880.6125,999.3055555555555,932.2652777777778,993.2513888888889,854.3527777777778,782.5541666666667,714.2097222222222,591.0902777777778,655.5472222222222,241.09375,281.35,430.56805555555553,580.5625,939.4791666666666,
568.2083333333334,601.6256944444444,967.8923611111111,1118.3993055555557,1254.7701388888888,1245.0756944444445,1004.1576388888889,824.1548611111111,648.6152777777778,644.13125,672.8479166666667,762.0798611111111,964.5618055555556,951.0118055555556,791.2465277777778,662.4861111111111,432.58958333333334,458.5131944444444,553.4951388888888,526.2256944444445,390.33194444444445,647.0381944444445,966.3659722222222,895.2201388888889,818.3090277777778,647.0194444444444,595.2729166666667,462.14444444444445,
461.66805555555555,738.1645833333333,768.5722222222222,627.5388888888889,366.15208333333334,406.21319444444447,619.5395833333333,675.2555555555556,529.4340277777778,409.31180555555557,392.2583333333333,611.7291666666666,630.5923611111111,656.6347222222222,644.7201388888889,844.5854166666667,873.1034722222222,759.6173611111111,693.4222222222222,739.9381944444444,406.8826388888889,408.4513888888889,555.2430555555555,445.01875,459.38402777777776,508.7215277777778,698.7097222222222,562.2944444444445,
665.45625,659.4798611111111,642.8020833333334,918.6923611111112,759.7145833333333,871.6347222222222,778.3180555555556,713.5381944444445,596.4784722222222,647.3465277777777,574.8722222222223,480.9513888888889,596.9298611111111,940.5597222222223,1084.0368055555555,745.1298611111112,453.49305555555554,440.7375,531.9145833333333,723.4402777777777,1211.4625,1097.0208333333333,1072.0111111111112,1067.5333333333333,1180.4354166666667,871.88125,475.4138888888889,590.0819444444444,
781.0409722222222,650.2666666666667,534.2944444444445,854.0875,888.5534722222222,1032.175,905.1708333333333,811.1298611111112,604.2,368.06875,386.8625,519.925,702.7125,834.6548611111111,782.6166666666667,674.5166666666667,396.09444444444443,505.18194444444447,398.4458333333333,403.8354166666667,244.6951388888889,309.85625,446.94930555555555,636.9,778.7263888888889,793.2472222222223,513.2548611111112,377.68055555555554,
423.9840277777778,661.6305555555556,1052.3118055555556,1097.3944444444444,974.5138888888889,957.54375,963.0972222222222,885.7618055555556,713.74375,424.5215277777778,227.63333333333333,637.2986111111111,796.4284722222222,804.05625,740.2020833333333,536.4402777777777,524.53125,597.26875,888.4888888888889,929.7138888888888,766.6423611111111,713.7083333333334,878.1861111111111,999.1583333333333,989.9722222222222,1045.4659722222223,798.1708333333333,729.0958333333333,
517.8715277777778,448.80625,194.25625,211.1263888888889,258.74444444444447,260.8888888888889,399.4298611111111,675.4013888888888,503.5173611111111,462.11041666666665,623.0930555555556,707.2694444444444,701.2298611111111,548.0368055555556,576.7402777777778,730.9722222222222,668.4916666666667,717.8506944444445,924.2263888888889,856.0763888888889,496.4604166666667,495.7388888888889,806.6902777777777,880.1569444444444,936.9104166666667,1008.1479166666667,1112.4875,1169.6951388888888,
460.72291666666666,464.97083333333336,341.4486111111111,430.28125,476.25,500.1986111111111,704.6826388888888,474.6659722222222,850.7055555555555,925.8701388888888,691.5340277777777,792.2090277777778,898.1236111111111,821.9666666666667,638.5472222222222,393.7263888888889,431.05625,381.54375,497.9159722222222,704.95625,869.1298611111112,852.2118055555555,978.5416666666666,1086.0430555555556,1217.8020833333333,931.3298611111111,1036.463888888889,798.2319444444445,
1040.4659722222223,1227.8715277777778,1384.1381944444445,1100.2041666666667,867.89375,675.3743055555556,795.025,786.4076388888889,871.1263888888889,848.0430555555556,1091.1506944444445,977.9659722222223,709.0048611111112,840.7409722222222,971.4777777777778,763.7118055555555,627.9201388888889,594.9069444444444,676.8347222222222,578.3784722222222,902.4520833333333,915.0479166666667,823.9375,721.3638888888889,686.5208333333334,805.3402777777778,589.2944444444445,615.9916666666667,
734.3104166666667,742.1131944444444,656.2770833333333,652.6861111111111,686.6159722222222,1081.4840277777778,1308.8881944444445,1356.2354166666667,1289.8131944444444,1237.2194444444444,823.0326388888889,892.29375,952.7180555555556,885.5972222222222,762.4631944444444,854.7680555555555,746.2138888888888,270.24097222222224,455.82916666666665,699.1819444444444,461.59722222222223,302.9625,504.36875,832.0854166666667,825.8958333333334,590.7819444444444,432.19652777777776,538.4666666666667,
648.6881944444444,673.7944444444445,468.12569444444443,464.4375,580.1701388888889,730.2083333333334,677.0256944444444,753.4673611111111,430.9638888888889,346.94166666666666,341.94097222222223,303.6402777777778,482.9611111111111,526.58125,956.0298611111111,728.2604166666666,823.1430555555555,707.3881944444445,625.05,750.8486111111112,789.5805555555555,621.275,837.7791666666667,679.7423611111111,613.2256944444445,582.7333333333333,664.0694444444445,507.83819444444447,
820.6027777777778,1031.7756944444445,1137.4458333333334,1175.6791666666666,882.1027777777778,874.9236111111111,1061.348611111111,817.08125,857.9555555555555,1124.4659722222223,735.3972222222222,530.8305555555555,605.6506944444444,442.6166666666667,442.3277777777778,440.3229166666667,294.5986111111111,542.2006944444445,682.3270833333333,652.6659722222222,742.8479166666667,646.88125,548.4576388888889,536.5930555555556,466.2090277777778,613.4715277777777,745.2631944444445,625.7243055555556,
512.1986111111111,424.39722222222224,784.3506944444445,841.5951388888889,571.0861111111111,273.85069444444446,408.6791666666667,1032.8291666666667,1261.6479166666666,1207.8597222222222,983.1479166666667,1062.5847222222221,1078.4354166666667,985.3819444444445,922.14375,1026.9798611111112,1090.9069444444444,1195.9048611111111,1176.5777777777778,864.1993055555556,827.0638888888889,690.1673611111111,705.0520833333334,682.1430555555555,630.9722222222222,839.1013888888889,1005.6166666666667,823.6388888888889,
916.0756944444445,947.6465277777778,690.9756944444445,599.0527777777778,841.0979166666667,866.7444444444444,787.0465277777778,463.90416666666664,534.6513888888888,770.225,805.7090277777778,564.4722222222222,562.2847222222222,809.6430555555555,893.5986111111112,1026.8875,1172.5284722222223,906.2868055555556,638.0166666666667,448.46875,457.1847222222222,507.82916666666665,308.8041666666667,458.15833333333336,729.3451388888889,609.5645833333333,596.9479166666666,467.5708333333333,
784.41875,1026.4479166666667,581.3388888888888,342.10069444444446,415.59513888888887,456.87708333333336,551.3854166666666,600.3618055555555,721.0784722222222,552.2076388888889,553.7368055555555,714.9006944444444,438.90208333333334,314.3673611111111,324.02222222222224,183.0402777777778,247.02777777777777,680.8041666666667,680.8305555555555,751.1409722222222,989.0305555555556,939.1965277777778,781.5201388888889,667.0756944444445,825.9090277777777,1132.4979166666667,1093.548611111111,1003.0833333333334,
657.98125,654.3770833333333,617.9708333333333,793.8743055555556,642.4909722222222,680.9333333333333,697.6534722222223,901.525,870.7826388888889,799.0701388888889,668.8722222222223,1081.8041666666666,1283.7708333333333,977.6027777777778,788.3465277777777,716.625,426.83472222222224,428.2576388888889,513.4166666666666,771.1069444444445,832.4895833333334,704.0673611111112,637.1395833333333,886.3611111111111,717.3340277777778,731.2534722222222,786.3277777777778,635.7701388888889,
836.5506944444444,952.8993055555555,850.9798611111111,939.2381944444444,886.225,921.5069444444445,901.0861111111111,880.975,780.4944444444444,937.2048611111111,854.0784722222222,1160.0430555555556,991.3631944444444,879.5909722222223,797.9694444444444,906.4847222222222,853.2125,663.1215277777778,851.9354166666667,973.7694444444444,957.1527777777778,963.2881944444445,923.7333333333333,950.3909722222222,812.5486111111111,1183.704861111111,1162.4888888888888,850.16875,
828.0138888888889,997.3215277777778,1062.68125,733.0805555555555,722.5104166666666,670.3430555555556,770.7625,656.7138888888888,854.0090277777778,841.2409722222222,762.6131944444444,752.6868055555556,661.18125,856.6034722222222,771.0541666666667,750.5451388888889,654.2847222222222,553.7590277777778,620.5763888888889,423.43958333333336,321.7784722222222,345.81319444444443,358.00555555555553,490.75555555555553,442.4763888888889,618.2805555555556,414.0,527.5340277777777,
765.48125,1029.2277777777779,990.475,632.8715277777778,385.8513888888889,599.6590277777777,1079.1770833333333,686.8409722222223,617.9354166666667,657.8777777777777,764.2722222222222,563.3652777777778,553.0256944444444,883.7854166666667,993.1625,759.3527777777778,653.6048611111111,516.9694444444444,785.8833333333333,948.7833333333333,842.8458333333333,864.0020833333333,713.3618055555555,651.0590277777778,400.16527777777776,534.5861111111111,591.7430555555555,862.7506944444444,
551.7527777777777,549.5451388888889,550.8576388888889,685.3166666666667,1043.8236111111112,948.3722222222223,836.6604166666667,1055.401388888889,1248.2222222222222,1023.3222222222222,927.3229166666666,1134.1659722222223,1203.3951388888888,1162.3138888888889,1412.5458333333333,1282.2569444444443,1114.5430555555556,989.7513888888889,738.825,731.0944444444444,676.9444444444445,968.2895833333333,790.3756944444444,589.1138888888889,592.2736111111111,871.4840277777778,834.1493055555555,515.8368055555555,
680.1326388888889,608.9173611111111,355.14444444444445,389.21666666666664,484.0111111111111,469.0756944444444,460.8375,471.04791666666665,512.0048611111112,803.7236111111112,928.6076388888889,1062.048611111111,1005.9638888888888,1117.8277777777778,1008.1347222222222,872.5680555555556,906.7243055555556,556.9236111111111,393.8881944444444,525.4486111111111,467.69097222222223,524.3743055555556,754.1611111111112,1085.8548611111112,937.66875,483.0888888888889,446.99930555555557,346.1625,
1096.9944444444445,1007.36875,649.1826388888888,716.7104166666667,520.2979166666667,719.33125,764.8708333333333,566.2263888888889,569.0583333333333,618.5881944444444,608.8888888888889,606.2722222222222,383.58958333333334,339.2763888888889,253.32361111111112,257.9659722222222,468.40277777777777,678.9243055555555,852.6229166666667,699.0868055555555,757.4791666666666,808.8756944444444,1083.0416666666667,1004.5729166666666,1034.5972222222222,1035.5055555555555,931.7319444444445,734.3583333333333,
434.55,456.68888888888887,638.2493055555556,412.1298611111111,456.74791666666664,477.21805555555557,647.2729166666667,508.28472222222223,669.7381944444444,725.6666666666666,737.5638888888889,906.6104166666667,1000.8006944444444,778.3826388888889,585.93125,515.5513888888889,657.5625,419.69444444444446,422.2583333333333,622.2576388888889,660.0868055555555,753.0368055555556,731.0291666666667,677.6118055555555,756.5166666666667,735.0743055555556,574.175,732.5152777777778,
1039.4284722222221,718.6965277777778,623.3659722222222,919.7986111111111,631.0986111111112,899.8277777777778,600.6486111111111,603.8444444444444,708.7486111111111,799.3201388888889,657.1541666666667,589.2777777777778,785.7416666666667,648.6944444444445,560.4527777777778,680.1368055555556,690.5104166666666,832.4284722222222,768.7243055555556,801.3340277777778,953.7305555555556,734.40625,708.2888888888889,575.0097222222222,740.1638888888889,260.5472222222222,363.9972222222222,595.4756944444445,
443.8284722222222,679.3041666666667,831.8236111111111,1030.1416666666667,927.5402777777778,550.3798611111112,613.4569444444444,614.7930555555556,700.1701388888889,735.7944444444445,604.0368055555556,613.1486111111111,482.525,605.3916666666667,863.9604166666667,601.5875,457.6097222222222,427.13194444444446,520.8895833333333,589.8513888888889,891.9256944444444,903.6611111111112,745.7569444444445,677.6652777777778,847.5763888888889,750.0854166666667,833.2159722222223,647.8006944444444,
1638.7756944444445,1459.79375,1156.2097222222221,770.8291666666667,692.1236111111111,790.1173611111111,575.7868055555556,502.8333333333333,629.3576388888889,373.72013888888887,367.4138888888889,318.2708333333333,555.0618055555556,816.6180555555555,825.0645833333333,696.9465277777778,1057.9416666666666,882.4618055555555,803.8784722222222,460.76180555555555,354.9201388888889,506.1166666666667,540.1152777777778,697.9888888888889,543.45625,418.62361111111113,660.1166666666667,787.6381944444445,
466.66875,712.4770833333333,928.6444444444444,603.8458333333333,510.1020833333333,752.6666666666666,952.0930555555556,722.7340277777778,503.1361111111111,322.5652777777778,216.20138888888889,222.38958333333332,335.34375,310.02986111111113,245.0,317.9888888888889,381.8388888888889,614.5215277777778,614.7430555555555,609.2166666666667,508.5472222222222,560.1659722222222,514.1673611111111,630.4847222222222,467.4277777777778,353.28125,444.21180555555554,582.9868055555555,
723.6604166666667,651.0479166666667,787.5236111111111,698.6006944444445,596.4993055555556,857.2194444444444,728.1395833333333,956.3784722222222,700.0423611111111,475.27777777777777,332.34375,326.5236111111111,724.9763888888889,920.4243055555555,947.6923611111112,803.4479166666666,707.8180555555556,1069.1652777777779,1004.0361111111112,841.6520833333333,598.7229166666667,636.5180555555555,1038.2152777777778,754.0958333333333,536.1034722222222,748.2534722222222,631.5125,799.5083333333333,
535.3569444444445,496.5875,367.15,230.46180555555554,304.55694444444447,511.65416666666664,388.79027777777776,894.1388888888889,1057.9243055555555,966.4173611111111,748.7972222222222,459.1048611111111,468.5201388888889,662.2666666666667,612.8618055555555,529.5798611111111,353.6902777777778,494.84722222222223,442.15625,294.6048611111111,355.0673611111111,432.55902777777777,561.6631944444445,756.7166666666667,810.25,802.0118055555556,968.8319444444444,864.2881944444445,
433.34166666666664,480.8222222222222,579.1104166666667,692.7104166666667,555.7513888888889,519.8097222222223,401.34027777777777,467.44930555555555,468.55833333333334,289.3673611111111,345.8930555555556,340.94375,371.26666666666665,244.5951388888889,513.5222222222222,575.6902777777777,532.8791666666667,497.3027777777778,405.28541666666666,396.3673611111111,564.7402777777778,726.9319444444444,914.875,623.1923611111112,773.6513888888888,772.5770833333333,680.6770833333334,994.8458333333333,
426.2708333333333,520.6319444444445,585.8590277777778,466.4486111111111,563.1972222222222,553.1798611111111,535.5729166666666,574.9701388888889,471.3013888888889,526.7354166666667,443.26180555555555,317.1118055555556,335.1458333333333,411.5777777777778,477.62291666666664,462.7993055555556,412.13194444444446,602.2402777777778,712.0145833333333,650.6263888888889,909.4645833333333,1021.9,785.8944444444444,681.4395833333333,412.90833333333336,352.0451388888889,488.0409722222222,552.5909722222223,
614.2965277777778,678.7923611111111,828.3,753.4520833333333,596.5472222222222,601.3666666666667,853.19375,743.6152777777778,666.6027777777778,682.2555555555556,820.9569444444444,811.7736111111111,739.7423611111111,591.6076388888889,638.2888888888889,714.96875,931.1423611111111,1130.7791666666667,896.9375,1051.526388888889,906.0729166666666,642.3993055555555,562.075,1054.8833333333334,1189.2194444444444,1050.2722222222221,940.9034722222223,757.2354166666667,
656.6791666666667,620.7104166666667,517.9298611111111,321.35555555555555,284.9243055555556,401.93819444444443,638.0138888888889,618.3680555555555,747.8208333333333,715.2125,642.4541666666667,514.8305555555555,288.0340277777778,298.5208333333333,251.23611111111111,476.94375,684.91875,911.6638888888889,1307.8069444444445,1405.9493055555556,1089.0652777777777,820.7006944444445,445.5833333333333,552.2041666666667,354.28680555555553,440.3277777777778,475.4111111111111,603.9465277777778,
408.5131944444444,595.9875,658.1041666666666,724.0673611111112,860.9895833333334,893.4520833333333,782.4305555555555,423.1458333333333,803.7076388888889,606.0847222222222,636.6138888888889,617.0548611111111,437.04791666666665,858.1194444444444,951.3215277777778,1017.9791666666666,911.6201388888888,981.8416666666667,717.1923611111112,648.9993055555556,534.9597222222222,547.6666666666666,826.9673611111111,827.0631944444444,695.7055555555555,604.4270833333334,452.6479166666667,320.8222222222222,
594.5659722222222,860.7173611111111,757.7291666666666,1007.5902777777778,1157.8,998.9791666666666,845.9256944444444,679.6263888888889,523.6527777777778,688.8902777777778,867.9944444444444,683.4055555555556,796.7395833333334,834.3638888888889,691.5777777777778,523.2666666666667,425.41875,547.9875,408.33194444444445,797.8666666666667,999.0805555555555,781.0680555555556,458.9236111111111,662.9270833333334,537.9923611111111,438.6902777777778,286.525,296.86041666666665,
815.45625,987.6680555555556,1031.5,820.1006944444445,887.9243055555555,519.6604166666667,530.1368055555556,799.3416666666667,700.7868055555556,766.7520833333333,580.6798611111111,636.7,513.8548611111111,502.52708333333334,714.0541666666667,565.55,523.3833333333333,716.6388888888889,680.9534722222222,765.9701388888889,619.4611111111111,686.0326388888889,708.0284722222223,620.9131944444445,823.1159722222222,903.3409722222223,950.5868055555555,835.9486111111111,
880.9701388888889,871.94375,958.6555555555556,811.9819444444445,665.5715277777778,714.0368055555556,796.2708333333334,715.6298611111112,777.7923611111111,698.1395833333333,931.5451388888889,869.6854166666667,873.4597222222222,744.9430555555556,823.0958333333333,949.20625,589.6652777777778,627.8388888888888,735.8840277777778,1135.1652777777779,1321.017361111111,1414.2993055555555,1694.7395833333333,1434.7423611111112,1125.829861111111,1263.175,1250.6673611111112,983.0118055555556,
572.4118055555556,585.2256944444445,522.7354166666667,738.3722222222223,606.9013888888888,502.19375,569.2666666666667,550.6951388888889,589.8548611111111,361.6298611111111,511.5076388888889,657.7125,912.5895833333333,1278.0388888888888,1436.6229166666667,980.7840277777777,565.175,757.0527777777778,729.1291666666667,582.5652777777777,523.4868055555555,648.4354166666667,778.375,725.2993055555555,429.2611111111111,588.9791666666666,782.9305555555555,921.2,
815.8013888888889,783.4152777777778,778.7423611111111,831.9069444444444,771.3631944444444,652.6097222222222,807.0048611111112,809.6548611111111,1158.1097222222222,1420.661111111111,1618.2784722222223,1305.6527777777778,981.0208333333334,745.3361111111111,604.7256944444445,517.5194444444444,764.4527777777778,777.4131944444445,622.4791666666666,874.3923611111111,801.7881944444445,469.3375,410.8965277777778,432.31111111111113,798.3791666666667,602.0284722222223,484.99861111111113,836.1770833333334,
521.2673611111111,419.1402777777778,431.11944444444447,682.1888888888889,805.4534722222222,700.275,1012.6493055555555,1221.9194444444445,1229.1625,1126.9847222222222,1061.1694444444445,1343.0722222222223,1207.8569444444445,888.71875,920.8993055555555,1054.3930555555555,1064.2722222222221,859.8034722222222,633.8118055555556,637.5680555555556,571.5979166666667,568.8715277777778,711.7256944444445,870.0625,988.8048611111111,906.5319444444444,938.5590277777778,1023.5930555555556,
522.6722222222222,894.9916666666667,962.6083333333333,810.1583333333333,1373.0298611111111,1363.1236111111111,991.9597222222222,945.3180555555556,596.7465277777778,484.9611111111111,395.7625,614.2381944444444,529.2861111111112,769.5715277777778,844.7145833333333,782.3534722222222,937.2305555555556,810.6284722222222,1053.1138888888888,1000.1152777777778,812.1361111111111,707.9930555555555,717.6819444444444,969.4763888888889,661.0486111111111,505.38055555555553,593.5152777777778,708.1583333333333,
978.3625,886.9763888888889,1168.798611111111,1109.1020833333334,972.5034722222222,708.6333333333333,832.0979166666667,819.7395833333334,992.5444444444445,1168.379861111111,1224.8763888888889,1054.2229166666666,924.5666666666667,801.7118055555555,692.5888888888888,546.5722222222222,613.8013888888889,816.4541666666667,772.6055555555556,950.7326388888889,791.7111111111111,610.1256944444444,730.9826388888889,655.91875,978.8145833333333,1004.4840277777778,858.7451388888888,676.9645833333333,
1128.7958333333333,914.5881944444444,962.6284722222222,1061.8125,1009.6388888888889,777.0826388888889,732.5756944444445,863.8486111111112,971.0034722222222,660.3347222222222,667.8201388888889,621.2041666666667,689.6902777777777,1069.098611111111,1200.5270833333334,1081.45,916.4715277777777,843.91875,719.9527777777778,498.6479166666667,573.4840277777778,628.9819444444445,619.6201388888888,690.3381944444444,603.7826388888889,669.1006944444445,780.9277777777778,597.5111111111111,
894.0270833333333,1174.5076388888888,957.5291666666667,891.9979166666667,1033.3229166666667,972.7256944444445,763.4347222222223,503.9111111111111,532.5006944444444,507.55347222222224,684.1145833333334,844.5277777777778,714.4277777777778,645.6305555555556,726.4423611111112,730.5583333333333,773.6208333333333,844.8881944444445,565.9861111111111,567.5868055555555,808.03125,829.525,710.7763888888888,871.3423611111111,926.5736111111111,794.4972222222223,582.5090277777778,465.6166666666667,
767.8805555555556,872.1701388888889,910.8152777777777,636.5625,662.3520833333333,301.7715277777778,415.9506944444444,579.4833333333333,567.2451388888888,273.6333333333333,235.78472222222223,487.8666666666667,439.31111111111113,538.1534722222223,585.4375,734.2125,1088.8458333333333,1055.5833333333333,882.4243055555555,784.4881944444444,791.9555555555555,1046.6631944444443,922.6486111111111,703.6006944444445,816.5888888888888,626.0416666666666,375.3930555555556,464.03680555555553,
762.0166666666667,682.4930555555555,584.1569444444444,557.7194444444444,653.1145833333334,544.4027777777778,314.90694444444443,344.7347222222222,451.15972222222223,564.8597222222222,823.9208333333333,964.4666666666667,861.7638888888889,733.3201388888889,893.2465277777778,545.4326388888888,414.8888888888889,563.9388888888889,820.4,878.55,859.4194444444445,975.1847222222223,598.63125,739.4284722222222,639.2736111111111,559.6208333333333,834.3076388888888,567.6548611111111,
647.1888888888889,912.1868055555556,960.3430555555556,1009.6645833333333,868.3006944444444,741.7138888888888,737.4298611111111,640.3576388888889,583.6993055555556,661.2631944444445,640.3201388888889,554.9236111111111,423.61597222222224,482.8652777777778,590.3493055555556,738.0381944444445,628.6236111111111,731.2805555555556,863.5791666666667,715.3041666666667,803.2229166666667,779.2951388888889,655.6854166666667,450.80833333333334,423.3861111111111,468.075,474.6875,462.85625,
605.7263888888889,907.2090277777778,786.5506944444444,600.4888888888889,572.7451388888888,481.8375,402.025,303.9166666666667,344.1791666666667,476.29375,491.6201388888889,733.1770833333334,558.6944444444445,518.4361111111111,377.3909722222222,491.95,656.5625,618.3125,674.3805555555556,671.3472222222222,808.6993055555556,846.2083333333334,1192.3569444444445,886.55,1016.9118055555556,1019.2902777777778,1049.5055555555555,1029.9847222222222,
984.2840277777777,944.6666666666666,671.5104166666666,496.8673611111111,537.6597222222222,951.4833333333333,1058.9541666666667,953.95,796.54375,772.6652777777778,756.4826388888889,627.9666666666667,735.7659722222222,829.9215277777778,931.9951388888888,939.4916666666667,923.90625,831.0493055555555,798.60625,658.34375,687.7902777777778,767.8138888888889,985.7215277777777,994.3118055555556,1220.5152777777778,1441.5736111111112,1092.5840277777777,820.9180555555556,
1089.9270833333333,1148.6,1129.4305555555557,1148.2965277777778,1233.7222222222222,901.4340277777778,590.6902777777777,728.0430555555556,874.8270833333333,999.3055555555555,764.0784722222222,1038.8291666666667,1159.182638888889,1330.2131944444445,1289.0555555555557,1101.0493055555555,974.9229166666667,954.3090277777778,1025.9041666666667,651.1131944444444,359.71180555555554,726.2368055555555,755.4034722222223,1099.651388888889,1364.1548611111111,1005.2763888888888,832.7680555555555,1022.9770833333333,
604.2222222222222,699.2694444444444,863.0493055555555,966.8694444444444,1154.5756944444445,1079.5145833333333,906.93125,867.4625,1057.0409722222223,1168.4590277777777,1117.2027777777778,993.3576388888889,880.5118055555556,853.9395833333333,747.9069444444444,803.5,927.7715277777778,835.9736111111112,541.9645833333333,708.2340277777778,345.90833333333336,331.86319444444445,363.64444444444445,369.44097222222223,546.1541666666667,531.5611111111111,373.3861111111111,516.7166666666667,
641.0229166666667,555.4847222222222,527.6576388888889,510.2083333333333,505.5451388888889,698.4166666666666,541.0847222222222,633.2770833333333,393.4145833333333,350.8173611111111,169.44166666666666,371.2576388888889,530.18125,460.4819444444444,137.11805555555554,132.8,174.0375,239.09722222222223,492.7270833333333,707.9034722222223,593.6548611111111,566.1847222222223,374.24861111111113,672.7388888888889,856.1618055555556,650.9347222222223,744.2527777777777,482.6902777777778,
717.6965277777778,844.0972222222222,1103.2472222222223,672.8729166666667,678.9333333333333,757.4597222222222,991.6895833333333,1056.2486111111111,1079.2784722222223,1087.2493055555556,951.2458333333333,715.7458333333333,790.0069444444445,736.3715277777778,796.3076388888888,809.4,555.5819444444444,262.71180555555554,385.21805555555557,267.40069444444447,283.06944444444446,406.94444444444446,447.3013888888889,802.3201388888889,945.1131944444444,1017.1909722222222,559.6868055555556,666.5965277777777,
601.9604166666667,783.0888888888888,740.8340277777778,757.0090277777778,722.2784722222223,699.8527777777778,710.85,690.2395833333334,601.7243055555556,678.2034722222222,1001.3944444444444,1260.3166666666666,1023.4118055555556,749.4388888888889,761.5611111111111,690.8270833333333,703.48125,533.9111111111112,493.48541666666665,775.8756944444444,987.5340277777777,1272.5333333333333,1330.2722222222221,1017.0236111111111,775.6854166666667,343.3638888888889,231.71527777777777,568.5979166666667,
1061.9069444444444,1413.3638888888888,1235.2743055555557,1072.3847222222223,932.1555555555556,1030.7159722222223,1234.1006944444443,1033.0513888888888,798.5319444444444,604.6673611111111,856.1055555555556,925.28125,894.44375,884.7680555555555,1030.05,1079.6638888888888,1068.5423611111112,1128.170138888889,631.9479166666666,729.9194444444445,769.6861111111111,693.9270833333334,858.5027777777777,806.4729166666667,967.5138888888889,793.9715277777777,973.0902777777778,901.6263888888889,
360.33819444444447,304.5729166666667,562.0229166666667,914.0881944444444,1056.5861111111112,1005.0680555555556,990.1090277777778,1016.9819444444445,862.9354166666667,625.2368055555555,420.69652777777776,376.7104166666667,529.2972222222222,548.0201388888889,503.8576388888889,724.8020833333334,846.1673611111111,579.6583333333333,648.9388888888889,1020.2138888888888,1166.9118055555555,803.4506944444445,576.3472222222222,580.9013888888888,631.6902777777777,596.7368055555555,547.5347222222222,356.8638888888889,
977.5770833333333,1029.9173611111112,1144.3111111111111,898.2576388888889,560.4416666666667,478.1173611111111,467.5236111111111,283.9736111111111,376.31875,473.94097222222223,685.5902777777778,376.9159722222222,591.1694444444445,598.7965277777778,663.9604166666667,902.4263888888889,585.6034722222222,573.81875,661.2770833333333,941.8173611111112,730.2652777777778,654.7868055555556,670.1833333333333,601.3347222222222,1059.4430555555555,1308.067361111111,960.0347222222222,793.6756944444444,
644.4333333333333,580.0527777777778,597.9118055555556,713.5881944444444,756.0833333333334,705.3222222222222,770.0805555555555,749.1520833333333,552.0604166666667,626.5361111111112,587.9069444444444,483.56875,593.4458333333333,1028.4888888888888,723.4388888888889,625.3534722222222,684.8763888888889,654.7569444444445,330.39722222222224,431.22291666666666,762.81875,419.7263888888889,593.1590277777777,779.2055555555555,650.7631944444445,620.4375,654.9701388888889,731.0979166666667,
650.4986111111111,515.8618055555555,845.1784722222222,881.8513888888889,1058.432638888889,1437.8770833333333,1373.973611111111,863.5041666666667,846.1055555555556,791.4784722222222,756.8472222222222,760.2930555555556,810.5965277777777,820.0555555555555,690.2111111111111,952.4722222222222,811.5256944444444,777.8354166666667,725.8076388888888,1044.1486111111112,748.0659722222222,446.7888888888889,485.3236111111111,596.2444444444444,728.1326388888889,791.8486111111112,920.4506944444445,988.3916666666667,
874.8548611111111,1126.8881944444445,971.2416666666667,1039.9680555555556,747.7638888888889,644.0868055555555,462.16180555555553,474.1923611111111,402.34791666666666,547.7979166666667,559.4208333333333,430.91805555555555,525.75625,386.9868055555556,716.5604166666667,943.8027777777778,771.4791666666666,764.6756944444444,615.8006944444444,857.5125,763.2256944444445,755.8090277777778,1235.4381944444444,1056.704861111111,543.8541666666666,539.7479166666667,628.0875,633.4923611111111,
541.7805555555556,761.0583333333333,539.3777777777777,317.65416666666664,274.54375,277.0444444444444,326.89444444444445,247.52777777777777,514.9381944444444,760.6486111111111,837.8875,1037.6381944444445,980.1875,706.6215277777778,510.54375,364.00416666666666,368.8798611111111,368.01875,463.6326388888889,649.1729166666667,699.2520833333333,543.1013888888889,433.23541666666665,308.68611111111113,374.3375,441.89444444444445,729.4159722222222,678.2652777777778,
795.3791666666667,579.9,694.4909722222222,808.2597222222222,391.25625,380.4236111111111,583.8375,630.4798611111111,615.5763888888889,717.7430555555555,858.5569444444444,795.5305555555556,700.9451388888889,772.0055555555556,540.7263888888889,528.475,726.3125,1140.5652777777777,1290.995138888889,791.6597222222222,1005.1916666666667,913.4444444444445,1008.4166666666666,804.15,667.4569444444444,836.2,723.7208333333333,684.6027777777778,
536.4090277777777,490.20208333333335,477.20625,593.1708333333333,558.4625,456.5472222222222,706.9944444444444,937.8902777777778,904.3951388888889,762.3645833333334,698.1520833333333,568.9020833333333,683.2020833333333,637.5326388888889,594.8569444444445,583.14375,555.4902777777778,544.2986111111111,277.3486111111111,223.79861111111111,268.5472222222222,493.72430555555553,528.6402777777778,306.6777777777778,748.1402777777778,509.97013888888887,405.9402777777778,452.8597222222222,
533.7923611111111,571.79375,847.9520833333333,869.2513888888889,855.1284722222222,649.4645833333333,473.87708333333336,491.56388888888887,666.91875,911.3270833333333,779.7138888888888,745.0368055555556,438.34583333333336,522.1194444444444,339.43819444444443,506.19930555555555,536.3180555555556,950.6319444444445,888.2375,579.6861111111111,527.7111111111111,407.22569444444446,514.6,630.08125,650.9722222222222,483.43819444444443,260.7875,507.4972222222222,
847.5125,584.7555555555556,806.8743055555556,646.3791666666667,681.7284722222222,597.0236111111111,780.2840277777777,914.1645833333333,862.8291666666667,1161.2104166666666,1205.3069444444445,1215.1548611111111,763.5270833333333,568.9118055555556,420.5701388888889,218.17013888888889,639.5701388888889,488.2,239.50069444444443,232.2409722222222,369.5173611111111,483.5263888888889,767.93125,705.99375,762.3958333333334,562.4430555555556,677.1395833333333,791.2715277777778,
534.15,516.0465277777778,653.9875,511.94305555555553,429.08819444444447,382.52708333333334,472.6166666666667,292.02569444444447,545.55625,327.5208333333333,170.89513888888888,323.95694444444445,283.8618055555556,358.02986111111113,485.18680555555557,360.87430555555557,505.5875,847.8972222222222,894.5784722222222,518.3479166666667,800.5506944444444,994.1604166666667,862.6708333333333,371.23541666666665,469.4326388888889,738.2805555555556,778.7173611111111,707.7375,
527.6534722222223,674.3777777777777,920.44375,719.9159722222222,667.4402777777777,542.7201388888889,396.97777777777776,508.75694444444446,600.0319444444444,645.1513888888888,662.7055555555555,830.0451388888889,787.2090277777778,909.5125,902.7527777777777,970.8194444444445,832.9659722222223,695.4951388888888,795.7104166666667,912.4618055555555,1117.9083333333333,845.7611111111111,881.4861111111111,654.3027777777778,771.4194444444445,684.3583333333333,969.58125,1337.7305555555556,
503.6298611111111,619.4527777777778,787.0041666666667,681.45625,793.21875,934.3694444444444,1131.675,1211.8104166666667,1198.3590277777778,1074.3590277777778,639.4923611111111,366.08194444444445,453.79583333333335,475.8076388888889,780.45625,1034.6819444444445,986.2680555555555,739.8090277777778,1119.8493055555555,1193.5881944444445,917.8694444444444,613.3854166666666,603.8694444444444,608.8951388888889,358.43611111111113,447.3611111111111,570.3090277777778,335.9201388888889,
466.98125,625.3958333333334,675.0375,645.86875,794.4986111111111,748.4798611111111,711.3625,830.7659722222222,549.6965277777778,266.3541666666667,209.17361111111111,321.01458333333335,398.8375,468.5388888888889,307.4263888888889,482.71875,416.66527777777776,526.1993055555556,848.4069444444444,709.525,838.7013888888889,900.6236111111111,860.375,958.9243055555555,857.0666666666667,606.7819444444444,666.9319444444444,851.7736111111111,
1063.4993055555556,966.8215277777778,842.8576388888889,937.4541666666667,795.0770833333333,953.5729166666666,1013.8854166666666,794.6027777777778,845.8965277777778,695.7576388888889,673.6152777777778,968.3611111111111,1211.4805555555556,1152.6854166666667,793.2138888888888,623.3951388888889,291.2423611111111,415.01180555555555,382.75208333333336,707.7777777777778,761.3409722222223,776.3555555555556,1087.3138888888889,880.7069444444444,757.1576388888889,791.0541666666667,660.9652777777778,721.2048611111111,
821.6076388888889,635.6506944444444,363.63055555555553,308.9291666666667,367.87708333333336,385.51458333333335,356.1479166666667,540.0930555555556,274.14166666666665,266.3923611111111,455.39166666666665,557.8166666666667,697.4756944444445,640.3659722222222,820.1131944444444,693.2326388888889,447.79791666666665,466.69930555555555,443.72291666666666,472.15763888888887,504.30555555555554,461.6152777777778,394.8902777777778,291.66805555555555,499.3465277777778,848.8597222222222,640.9569444444444,581.8277777777778,
665.4520833333333,691.99375,549.8173611111112,675.7291666666666,752.5958333333333,870.8506944444445,958.4180555555556,724.7770833333333,1045.786111111111,1328.7805555555556,1006.1861111111111,789.8708333333333,712.6361111111111,858.1145833333334,1146.69375,873.3256944444445,486.50208333333336,296.40625,344.7347222222222,727.7888888888889,878.0173611111111,833.0013888888889,1007.45625,656.2395833333334,583.51875,537.0277777777778,328.11805555555554,609.9541666666667,
270.03472222222223,475.4222222222222,707.9791666666666,796.0090277777778,862.1701388888889,917.7152777777778,886.7930555555556,934.9381944444444,776.1756944444444,700.9333333333333,921.0715277777778,891.9680555555556,641.7888888888889,590.5819444444444,1217.6875,1292.545138888889,1386.6354166666667,1306.326388888889,843.2569444444445,605.3958333333334,552.8493055555556,502.5027777777778,516.725,660.1743055555555,546.3854166666666,443.50069444444443,294.7159722222222,257.3652777777778,
739.3097222222223,1126.548611111111,1070.0756944444445,920.6944444444445,606.3597222222222,766.6347222222222,825.8277777777778,527.9236111111111,591.3597222222222,654.2229166666667,481.3888888888889,797.7277777777778,728.0597222222223,746.7680555555555,729.9173611111111,678.3875,487.4194444444444,612.6069444444445,876.9840277777778,692.7854166666667,666.4694444444444,973.9097222222222,1140.4381944444444,816.0888888888888,613.0625,661.2576388888889,682.4923611111111,433.45208333333335,
254.9125,461.54583333333335,614.5027777777777,662.0583333333333,700.5409722222222,712.0888888888888,633.2138888888888,688.4451388888889,808.3513888888889,761.7784722222223,972.7159722222223,1013.2027777777778,716.0347222222222,649.7416666666667,497.28055555555557,402.91805555555555,624.1701388888889,493.76458333333335,474.8152777777778,417.94166666666666,254.84166666666667,352.35625,342.3979166666667,290.52986111111113,278.09513888888887,567.2555555555556,658.3,804.6201388888888,
