343.401388888889,278.208333333333,181.930555555556,192.588888888889,380.652083333333,372.850694444444,274.629166666667,372.752777777778,801.470138888889,655.904166666667,275.9125,606.770833333333,386.163888888889,372.14375,257.429166666667,189.9625,119.141666666667,451.822916666667,548,734.458333333333,891.541666666667,912.9375,459.080555555556,395.05,426.208333333333,198.664583333333,334.275,278.151388888889
1356.55625,1519.58055555556,1348.57222222222,689.652777777778,93.6583333333333,125.847916666667,132.397916666667,352.506944444444,555.376388888889,469.8125,352.2875,299.714583333333,478.127777777778,458.231944444444,437.930555555556,578.582638888889,411.422916666667,504.777083333333,1251.02986111111,972.477777777778,996.170138888889,915.911111111111,488.216666666667,206.752083333333,131.130555555556,91.2791666666667,183.692361111111,257.655555555556
793,793,793,822.234027777778,626.95,403.09375,517.026388888889,933.93125,931.847222222222,710.444444444445,554.09375,480.571527777778,653.58125,279.388888888889,197,197,183.550694444444,239.629166666667,219.979166666667,188.84375,351,348.896527777778,377,575.725,565.216666666667,594.013194444444,523.380555555556,546.875694444444
281.944444444444,213.917361111111,269,269,268.75,197,397.035416666667,516.427083333333,279.705555555556,230.969444444444,116.072222222222,291.041666666667,501,646.853472222222,730.977777777778,347.559722222222,299.697222222222,250.192361111111,163,251.333333333333,319,437.779166666667,347.834722222222,421.3125,731.013888888889,712.059027777778,463.525,544.840972222222
704.665277777778,633.306944444444,587.359027777778,725.815972222222,1052.59513888889,1005.99166666667,1117.7625,1018.07777777778,669.217361111111,496.688888888889,792.409722222222,632.906944444444,346.988194444444,230.366666666667,335.898611111111,253.677777777778,226.910416666667,284,380.238194444444,517.455555555556,493,631.502083333333,835.017361111111,456.088888888889,453,608.011111111111,567.154166666667,461.854166666667
255.183333333333,170,158.622916666667,485.8,500.048611111111,322.466666666667,147.2625,440.074305555556,357,446.788194444444,762.229861111111,1092.10277777778,1082.75833333333,951.454166666667,833.877083333333,920.104861111111,610.813194444444,504.188888888889,900.139583333333,574.183333333333,282.436111111111,245.075,303.927777777778,422.241666666667,395.316666666667,583.227777777778,718.604166666667,621.261111111111
1269.47986111111,1304.32777777778,1398,1120.44305555556,893.172916666667,770.733333333333,419.166666666667,244.516666666667,594.375694444444,607.375,462.176388888889,661.104166666667,1006.64305555556,1170.91597222222,1206.27638888889,761.041666666667,333.040972222222,222.995833333333,278.006944444444,161.422222222222,155,155,186.989583333333,66.6083333333333,84.4277777777778,167.656944444444,264.345138888889,299.742361111111
1049.42847222222,1035.97083333333,1341.65,1784.16666666667,1669.35694444444,1294.3875,1114.3375,535.011111111111,554.264583333333,832.854166666667,657.467361111111,645.619444444444,596.871527777778,431.213888888889,559.597222222222,495.434027777778,348.620833333333,425.013888888889,496.833333333333,326.182638888889,582.265277777778,496,374.135416666667,664.061805555556,569.576388888889,420.743055555556,312.1875,304.681944444444
213,721.759027777778,1119.77986111111,1067.28611111111,1051.33472222222,1056.59375,1105.75069444444,1218.97222222222,1241.47777777778,1174.34791666667,1221.97708333333,1081.48125,1333.73888888889,1205.61736111111,866.786111111111,545.057638888889,503,734,636.654166666667,368,513.179861111111,524.117361111111,119.86875,429.289583333333,287.615277777778,294,503.022222222222,590.035416666667
820.242361111111,475,534.733333333333,579.600694444444,143.400694444444,309.570833333333,273,449.90625,800.666666666667,1042.05972222222,467.033333333333,413.683333333333,240.259722222222,365.705555555556,285.480555555556,177.165972222222,211.425,754.194444444445,474,519.5,439.111111111111,212.998611111111,451.30625,505,505,505,192.091666666667,139.2
357.029166666667,348.20625,414.470833333333,297.593055555556,115.331944444444,290.299305555556,202.65,436.100694444444,715.436111111111,719.6875,666.672222222222,360.588888888889,167.675694444444,186.659027777778,222.685416666667,627.947916666667,1007.37638888889,856.554166666667,673.404166666667,892.799305555556,691.573611111111,553.896527777778,1260.52638888889,1384.45416666667,1281.78055555556,587.0125,544,673.017361111111
952.838888888889,884.356944444444,785.109027777778,863.624305555556,602.486111111111,473.311111111111,582,657.682638888889,678.611111111111,657.360416666667,409.975,368,368,323.963888888889,259.010416666667,343.5375,449.727083333333,929.2625,1073.78194444444,737.373611111111,1118.81875,912.372222222222,736.973611111111,626.75,365.432638888889,436.6625,637.61875,917.15625
457.235416666667,639.088888888889,850.2125,837.41875,667.943055555556,655.091666666667,747.154166666667,512.682638888889,436.189583333333,390.620138888889,443,685.261805555556,479.95625,527.84375,419.977083333333,565.271527777778,600.507638888889,744.714583333333,717.609722222222,606.069444444444,716.68125,1168.22222222222,1369.88611111111,897.949305555556,320.225,362.864583333333,171.170833333333,100
417.964583333333,844.573611111111,797.876388888889,442.654166666667,632.48125,888.936111111111,1193.88055555556,418.148611111111,302.119444444444,199.639583333333,182.057638888889,530.963194444444,396.793055555556,975.704861111111,1028.95972222222,1047.91180555556,959.05,677.854166666667,680.8,734.279166666667,683.607638888889,598.718055555556,673.508333333333,643.443055555556,864.959722222222,1215.09583333333,1202.72916666667,1211.24236111111
712.899305555556,477.664583333333,397.272916666667,222.560416666667,344.5,307.930555555556,294,314.451388888889,207,295.354166666667,623.714583333333,538.4625,350.705555555556,288.846527777778,510.936111111111,488,442.985416666667,401.666666666667,475,456.352083333333,497.114583333333,164,208.466666666667,631.456944444444,862,906.671527777778,889.033333333333,1146.99236111111
900.838194444444,502.022222222222,334.94375,286.65,259.411805555556,176.457638888889,3.89375,0,35.1763888888889,268.702777777778,86,101.05,170,313.527083333333,395.441666666667,375.05,368.134722222222,254.465972222222,219.020833333333,314.41875,250.065972222222,158.371527777778,80,437.05625,379.631944444444,57.0833333333333,307.449305555556,64.13125
53.7722222222222,194.556944444444,427.218055555556,742,341.430555555556,385.784027777778,769.960416666667,773.770833333333,813.916666666667,1045.68125,1252.2875,1651.8,1440.57708333333,910.796527777778,713.975694444444,744.847222222222,865.029166666667,423.992361111111,388.097222222222,588,541.254166666667,628.3875,856.6125,875.102777777778,582.7,858.797222222222,1140.37152777778,1193.92222222222
884.945833333333,819.527777777778,805.040277777778,956.047222222222,982.102083333333,761.63125,676.178472222222,731.113194444444,1008.88125,1048.74097222222,731.340972222222,1103.96180555556,1059.01111111111,570.468055555556,661.566666666667,611.670833333333,671.308333333333,846.459722222222,627.586805555556,813.266666666667,714.275,609.729166666667,576,614.03125,649.616666666667,344.614583333333,316.849305555556,163.023611111111
256.2625,224,224,234.120833333333,453.826388888889,692.923611111111,496.2125,404.551388888889,150.111111111111,398.483333333333,128.493055555556,54.9756944444444,0,0,40.4965277777778,192.85,229,289.0625,395.341666666667,295.691666666667,387.531944444444,352.805555555556,527.136805555556,464.772916666667,404.779166666667,659.639583333333,887.711111111111,1090.65
268.319444444444,274.4625,260,267.109722222222,320.218055555556,582.208333333333,332.569444444444,133.804861111111,106.525,163.98125,319.838194444444,460.15,723.719444444444,592.927083333333,515.772222222222,570.177083333333,868.141666666667,966.677777777778,1153.33472222222,1075.89166666667,1113.38680555556,1037.23333333333,971.055555555556,864.5,832.361111111111,748.914583333333,667.702777777778,393.680555555556
246.2625,558.628472222222,665,748.613888888889,783.889583333333,793.485416666667,886.868055555556,871,881.951388888889,516.842361111111,768.176388888889,776.241666666667,645.514583333333,921.615277777778,971.658333333333,728.679166666667,602.585416666667,422.75,639.586805555556,289.022222222222,490.226388888889,481.145833333333,250.127777777778,126.999305555556,152.947916666667,204,204,214.534722222222
189,287.730555555556,267.54375,190.375,163.930555555556,386.104166666667,453.611805555556,224.440277777778,180.988888888889,214.222916666667,558.048611111111,305.740972222222,214.725694444444,300.791666666667,309.395138888889,144.452777777778,133.936111111111,204.7,193.75,394,707.913194444445,856.763888888889,658.029166666667,729.383333333333,550,550,764.036111111111,458.846527777778
567,567,478.435416666667,453.9625,378.498611111111,179.723611111111,81.6770833333333,81.3958333333333,183.163888888889,125.878472222222,718.335416666667,774,1090.86388888889,1274.93333333333,1220.20972222222,1127.08333333333,673.970833333333,685.136111111111,893.923611111111,939.732638888889,703.555555555556,663.615972222222,441.501388888889,286.2,338.710416666667,433.088194444445,523,536.746527777778
715.3375,1071.04166666667,1035.61666666667,1120.77430555556,1106.56388888889,778.20625,199,193.96875,152.697916666667,411.286111111111,359,481.34375,641.033333333333,448.424305555556,32.2229166666667,436.053472222222,777,448.570138888889,361.094444444444,295.697222222222,314.947222222222,410.603472222222,504.888888888889,428.920833333333,261.158333333333,180.438888888889,238.313194444444,678.117361111111
307.23125,502.845138888889,336.749305555556,243.766666666667,515,590.290277777778,682.827777777778,713.393055555556,799.991666666667,973.529166666667,1396.52638888889,1520.6375,1421.95555555556,1513.3125,1176.26875,883.505555555556,792.534027777778,672.572222222222,377,107.035416666667,358.802083333333,95.6902777777778,101.93125,17.4659722222222,517.808333333333,747.779861111111,798.358333333333,1062.1875
549.402777777778,273.469444444444,233.008333333333,207.909722222222,314.666666666667,284.857638888889,316.777777777778,291.847222222222,679.798611111111,549.820833333333,628.734027777778,500.650694444444,369.89375,350.204861111111,542.948611111111,898.222916666667,429.805555555556,354.419444444444,343.444444444444,270.899305555556,415.029861111111,236.550694444444,363.855555555556,120.055555555556,132.138888888889,206.729166666667,561.217361111111,801
187.069444444444,472.30625,919,919,1045.48819444444,1285.04722222222,1227.99513888889,770.894444444444,555.898611111111,508.959722222222,442,294.586805555556,185,373.232638888889,510.624305555556,601.878472222222,678.802777777778,813,860.683333333333,553.8,262,465.458333333333,381.455555555556,285,146.260416666667,0,185.566666666667,275.434722222222
451.477083333333,467.19375,542.913194444444,529.216666666667,438,427.0875,468.388888888889,504.109027777778,344.20625,269,664.859722222222,1250.48611111111,1029.78958333333,1152.40277777778,951.745833333333,993,893.756944444444,687.520833333333,708.2,689.002083333333,451.229166666667,691.803472222222,997.788888888889,530.915277777778,399.822222222222,315.410416666667,374.75,386.514583333333
712.3875,596.024305555556,728.009722222222,1243.97986111111,916.707638888889,871.141666666667,478.778472222222,440.865277777778,757.469444444444,635.311111111111,552.345833333333,547.110416666667,629,420.798611111111,403.675,368.784027777778,352.254861111111,436.411111111111,465.505555555556,490.020138888889,920.472222222222,976.521527777778,942.871527777778,887.586111111111,1031.18680555556,910.468055555556,213.55,288.58125
694.013194444444,692.241666666667,835.086111111111,942,748.092361111111,555.607638888889,289.585416666667,192,335.933333333333,257.706944444444,213.825694444444,231.902083333333,198.892361111111,293.583333333333,906.034722222222,646.956944444444,254.849305555556,142.763888888889,261.788194444444,530.624305555556,251.270833333333,300.202777777778,812.581944444444,1289.91736111111,1463.47638888889,1016.50138888889,434.436111111111,321.459722222222
587.416666666667,1049.28611111111,1448.68541666667,1595,1470.50486111111,1209.25486111111,901.538888888889,790.511111111111,718.534027777778,455.252083333333,201,222.24375,300,447.996527777778,587.090277777778,424.165972222222,614.666666666667,485.573611111111,1034.3,1038.07083333333,748.542361111111,858.185416666667,845.108333333333,905,893.192361111111,772.160416666667,805.033333333333,629.858333333333
391.186111111111,294.065972222222,31.7854166666667,148.242361111111,170,314.56875,481.679166666667,881.763194444445,393.488888888889,215.756944444444,302.48125,251.863194444444,390.46875,640.315277777778,832.581944444444,644.645833333333,770.198611111111,964.108333333333,1113,1076.61805555556,808.55625,814.113888888889,1528.02569444444,1667.07847222222,1639.68472222222,1439.80694444444,795.414583333333,938.961111111111
456.8875,301.240277777778,286.725,156.844444444444,0,131.388888888889,277.933333333333,87,212.014583333333,443.180555555556,201,117.811805555556,424.457638888889,689.021527777778,618.545833333333,511.251388888889,800.265277777778,551.384027777778,508.759027777778,736.404166666667,1130.4625,1082.67847222222,1147.39444444444,1195.22013888889,912.665277777778,685.984722222222,614.925,696.802083333333
243.304861111111,720.74375,1005.79930555556,719,619.611111111111,328.516666666667,321.118055555556,231.297222222222,315.778472222222,292.809722222222,252.889583333333,123.850694444444,73,560.779166666667,841.440972222222,1335.92222222222,1004.70902777778,536.079166666667,269.315972222222,318.75625,1068.93333333333,1130.64166666667,1006,940.020138888889,742.014583333333,892.079861111111,813.60625,614.108333333333
712.758333333333,1010.03611111111,957.38125,895,960.364583333333,693.185416666667,556.075,795.784722222222,1072.35,1288.55972222222,1253.24930555556,824.773611111111,613.081944444444,577.530555555556,277.252777777778,185,141.893055555556,15.8048611111111,602.59375,526.583333333333,362,362,627.695833333333,757.779861111111,797.903472222222,667.866666666667,427.070138888889,323.790277777778
508.111805555556,659.163888888889,402.805555555556,235.921527777778,214.013194444444,685.638194444445,957.766666666667,824.716666666667,373.623611111111,97.35,387.279166666667,389.772916666667,639.820138888889,952.939583333333,792.547222222222,541.789583333333,422.738194444445,450.3125,303.758333333333,515.3375,477,485.960416666667,633.151388888889,423,528.955555555556,486.282638888889,586.686111111111,483.583333333333
522.201388888889,747.920833333333,871,871.917361111111,625.052777777778,760.209722222222,1067.2875,1021.27777777778,646.514583333333,546.422916666667,566.83125,522.484027777778,449.040277777778,475.974305555556,393.441666666667,514.396527777778,427.581944444444,212.388888888889,465.109722222222,473.984027777778,701.095138888889,558.274305555556,582.964583333333,687,782.936111111111,783.473611111111,765.766666666667,698.002083333333
442.438194444445,186.795833333333,206.388888888889,472.3625,424.672222222222,122.266666666667,218.016666666667,596.252083333333,951,518.363888888889,326,276.070833333333,159.863888888889,102,36.4791666666667,53.0805555555556,371.102777777778,589.502777777778,800.833333333333,707.916666666667,707.636111111111,865.9625,633.334722222222,388.308333333333,240.309722222222,335.877083333333,273.754861111111,253.75
464.818055555556,604.033333333333,340.620138888889,267.011111111111,683.585416666667,1193.80972222222,878.69375,289.966666666667,581.8875,709.479861111111,539.814583333333,317.066666666667,177.372916666667,435.500694444444,180,181.685416666667,204.0625,601.218055555556,621.436805555556,893.66875,614.704166666667,456.945138888889,112.565277777778,283.7,255.375,233.225694444444,232.564583333333,310.2875
191.240277777778,40.9791666666667,88.975,97,254.4625,504.998611111111,466.05,676.394444444444,633.618055555556,588.659722222222,565.072222222222,675.527777777778,412.449305555556,227.80625,187.640277777778,99.8333333333333,311.907638888889,969.902777777778,909.654166666667,883.39375,1253.63680555556,905.059027777778,482.481944444444,240.369444444444,463.264583333333,1234.41180555556,1356.87847222222,1422.64583333333
756.695833333333,446.743055555556,303.891666666667,172,197.756944444444,339.971527777778,259.073611111111,1102.3375,1119.94166666667,952.755555555556,630.178472222222,727.270833333333,698.948611111111,271.041666666667,213.227777777778,341.480555555556,431.113194444444,558.374305555556,696.627083333333,546.036111111111,508.225,386.090277777778,377.010416666667,675.433333333333,378.120833333333,396.654166666667,460.832638888889,367
1063.87222222222,1428.64652777778,1185.32013888889,916.759722222222,834.126388888889,732.273611111111,369.583333333333,359.885416666667,391.30625,637.684027777778,471,532.1,566.965277777778,750.370833333333,706.931944444444,796.891666666667,509.409027777778,374.745833333333,436.8375,444.395833333333,769.214583333333,816.506944444445,756.9125,981.940277777778,605.1875,872.122222222222,667.375,401.720138888889
702.3125,637,631.754861111111,732.659027777778,622.188888888889,447.554166666667,892.159027777778,717.575694444445,385.483333333333,525.552777777778,238.61875,300.9875,538.758333333333,563.366666666667,271.153472222222,292.70625,407,475.201388888889,595.273611111111,380.241666666667,156.7375,302.344444444444,528.668055555556,474.053472222222,279.308333333333,332.157638888889,120.790972222222,523.040972222222
522.909722222222,1004.36527777778,1044.78541666667,741.945138888889,452.916666666667,1122.32777777778,1661.83402777778,747.241666666667,682.933333333333,477.806944444444,265.520138888889,582.388194444444,620.472222222222,612.364583333333,591.156944444444,545.590972222222,753.927777777778,752.376388888889,543.56875,577.152083333333,457.478472222222,468.460416666667,515.326388888889,535.378472222222,371.694444444444,389.274305555556,451.195833333333,745.371527777778
843.695833333333,888.74375,873.597222222222,830.290972222222,799.2625,682.236111111111,693.4,817.713194444444,1240.62847222222,1227,1518.99097222222,1565.94166666667,1491.80902777778,994.045833333333,715.5125,378,338.549305555556,177,224.447916666667,186.91875,242.759722222222,560.736111111111,397.925,374,421.502777777778,546.8375,713.526388888889,824.716666666667
0,165.99375,260,319.957638888889,353.780555555556,446.31875,497.264583333333,562,613.6,734.425694444444,652.717361111111,660.430555555556,271.557638888889,429.594444444444,459.223611111111,549.354861111111,524.352777777778,529.845138888889,409.609722222222,666,512.280555555556,242.140972222222,144.816666666667,623.888888888889,666,494.1875,17.6409722222222,0
874,895.178472222222,820.179166666667,1059.57430555556,778.9,1273.53472222222,1392.29027777778,1158.26597222222,627.019444444444,317.55625,233.533333333333,188.676388888889,300.565972222222,284,142,0,203.5125,625.9375,928,871.816666666667,812.036111111111,721.634722222222,1220.08888888889,956.120138888889,1134.95069444444,1587.47291666667,1258.00486111111,1165
492.565972222222,542.180555555556,670.945833333333,243.404166666667,165.204166666667,433.9625,681.851388888889,453.05,301.085416666667,458.81875,249.15625,177.786111111111,324.445833333333,392.055555555556,364,330.072222222222,43.8659722222222,453.50625,518.697222222222,841.713888888889,218.3125,396.955555555556,597.789583333333,534.577777777778,417,356.927083333333,215.15,555.1125
197.370138888889,101,334.532638888889,880.072916666667,551.5625,793.66875,471.147222222222,569.852777777778,781.375,794.777083333333,709.625694444445,789.926388888889,770.702083333333,271.30625,453.092361111111,687.791666666667,650.488888888889,330.416666666667,362.925,319.352777777778,645.913888888889,312.10625,221.2,224.927083333333,372.630555555556,62.8506944444444,44.6875,424.3
0,60.2222222222222,192.183333333333,242.840277777778,230.35,175.414583333333,794.542361111111,739.946527777778,835.451388888889,1038.8,700.492361111111,551.806944444444,108.102777777778,335.817361111111,525.666666666667,490,588.25,609.28125,923.068055555556,1012.92847222222,1086.81597222222,1004.76805555556,625.088194444444,558.998611111111,563.539583333333,447.099305555556,311.054861111111,394.7625
840.740277777778,802.130555555556,800.934722222222,580.989583333333,665.472222222222,788.400694444444,592.777083333333,394.155555555556,507.7125,708.23125,540.032638888889,429.659722222222,364.420833333333,403.252777777778,621.568055555556,600.864583333333,598.304861111111,549.645833333333,501.377777777778,426.333333333333,357.081944444444,490.940277777778,512.097916666667,471.343055555556,488.795833333333,775.584027777778,933.534722222222,1041.06944444444
178.539583333333,251,544.225,373.701388888889,494.691666666667,753.5875,1013.56388888889,749.677083333333,425,43.1375,51.9166666666667,133.558333333333,191.638888888889,202.0625,152,146.563888888889,157.216666666667,641.529166666667,728.947916666667,607.995833333333,221.747222222222,155.8875,290.715972222222,574.532638888889,425.095833333333,534.695833333333,389.294444444444,426.527777777778
826.808333333333,797,742.572916666667,803.906944444444,607.975,799.266666666667,489.034722222222,732.036111111111,572.954166666667,639.191666666667,657.935416666667,337.527777777778,242.441666666667,298.923611111111,363.744444444444,371.420833333333,204.465277777778,275.913888888889,150.290277777778,513.652777777778,359.678472222222,352,432.453472222222,179.323611111111,108,108,54.675,184.524305555556
127.822916666667,151,228.077777777778,337.240277777778,288.281944444444,284.947222222222,371.771527777778,918.244444444444,1242.84722222222,1236.1875,638.158333333333,311.004861111111,231,281.985416666667,262.533333333333,99.0326388888889,226.477083333333,384.681944444444,422.220833333333,283.116666666667,296.231944444444,260.071527777778,239.34375,170.845833333333,236.466666666667,464.525,655.388888888889,331.8875
387,387,360.333333333333,563.943055555556,400.222916666667,426.355555555556,240.472916666667,88.0861111111111,120.598611111111,165.806944444444,249,185.961111111111,194.783333333333,346,725.534722222222,574.301388888889,322.102777777778,162.822222222222,220.719444444444,328.145833333333,295,351.122222222222,408.222222222222,460,388.666666666667,546.345833333333,435.082638888889,506.43125
262.493055555556,256.607638888889,230.631944444444,159,167.575,83,183.945833333333,452.15,456.024305555556,671.308333333333,600.038194444444,390.929166666667,363.996527777778,319.733333333333,333.970138888889,470.582638888889,725.765972222222,850.933333333333,696.040277777778,194.359027777778,207.720833333333,104.836111111111,403.478472222222,290.158333333333,109.81875,133.533333333333,35.75625,71.5902777777778
375.988888888889,491.830555555556,697.067361111111,796.3875,923.361805555556,964.980555555556,1310.85555555556,904.852777777778,828.608333333333,575.932638888889,194.952083333333,392.678472222222,170.171527777778,392.622222222222,508.105555555556,381,633.576388888889,809.511805555556,677.180555555556,701,983.067361111111,804.572916666667,728.8875,737.054166666667,885.174305555556,905.011111111111,613.163888888889,599.9875
235.805555555556,343.484027777778,355,239.913888888889,237.975,343,827.674305555555,798,798,487.134027777778,282,204.163888888889,36.2777777777778,43.4375,80.3527777777778,375.601388888889,771.452777777778,851.8125,1071.82291666667,1728.2375,1194.96527777778,955.754861111111,762.414583333333,844.366666666667,581.932638888889,574.027777777778,238.488888888889,224
573.447222222222,591.073611111111,673.140972222222,654,581.506944444444,583.625,411.178472222222,286.976388888889,485.532638888889,362.238888888889,638.833333333333,756.822222222222,424.420138888889,759.201388888889,1024.26180555556,956.225,878.838888888889,851.801388888889,726.275,753.465277777778,658.3875,649.095833333333,970.64375,784.645833333333,597.338888888889,618.857638888889,711.730555555556,574.31875
458.927083333333,566.195833333333,510.457638888889,561,846.10625,994.390277777778,817.847222222222,497.391666666667,198.833333333333,322.152777777778,325.779166666667,106.828472222222,52.0472222222222,0,0,5.98194444444444,0,0,64.5868055555556,395.476388888889,715,558.158333333333,133.844444444444,131.097222222222,109.875,141.680555555556,166.803472222222,0.979861111111111
1555.62916666667,1416.86111111111,1145.04027777778,837.451388888889,669.65625,459.697916666667,206,206,212.676388888889,395.272222222222,22.9902777777778,179.201388888889,416.838888888889,360.647222222222,364.307638888889,268.677083333333,269.157638888889,311.054861111111,302.411805555556,294.051388888889,340.429166666667,347.079166666667,199.925,496.995138888889,756.910416666667,897.544444444445,1043.41388888889,661.226388888889
558.229861111111,549.847916666667,451.652777777778,387,311.064583333333,432.280555555556,614.463888888889,555.751388888889,624.049305555556,782.275,802.634722222222,607.986111111111,714,622.8625,662.099305555556,441.142361111111,460.779861111111,545.483333333333,713.536111111111,675.630555555556,542.545138888889,1172.48125,1401.20972222222,943.965277777778,624.350694444444,733.318055555556,626.180555555556,104.570833333333
970.190277777778,896.547916666667,614.6,415.486805555556,321,293.986805555556,240.429166666667,472,450.740277777778,99,99,417.933333333333,1287.04791666667,1616.39583333333,1620.15972222222,960.636805555556,533,485.378472222222,480.002083333333,85.1256944444445,92,387.45,421.923611111111,119.428472222222,156.381944444444,453.678472222222,775.45,952.925694444444
774,797.891666666667,471.598611111111,340.263194444444,238.445138888889,284.020138888889,324.825,395.498611111111,557.447222222222,1432.02013888889,1837.46805555556,1220.37083333333,880.326388888889,643.138888888889,475.878472222222,230.720833333333,443.875,455.008333333333,567.858333333333,579.415972222222,770.528472222222,108.986111111111,106,201.011111111111,299.925,382,361.694444444444,584.589583333333
28.275,475.809027777778,474.19375,545.872916666667,1030.01527777778,813.263888888889,772.677777777778,598.908333333333,424,419.6125,713.277777777778,845.446527777778,1043.81736111111,827.05625,728.347916666667,764.216666666667,609.555555555556,438.954166666667,435,435,435,435,447.580555555556,103.766666666667,312.375,439.21875,227.311111111111,153.031944444444
349.005555555556,389.827777777778,555.157638888889,399,491.958333333333,635.400694444444,1027.13541666667,518.923611111111,53.1368055555556,57.7791666666667,16.7465277777778,65,66.0555555555556,160,205.280555555556,338.021527777778,331.200694444444,183.533333333333,239.986805555556,624.475,652.126388888889,685.147222222222,588.489583333333,735.064583333333,611.711111111111,796.320833333333,946.889583333333,931.63125
1201.58888888889,505.697916666667,953.189583333333,904.988194444444,1109.69375,578.490972222222,786.8,758.524305555556,750.225,1593.98125,1643.59027777778,1296.81388888889,757.903472222222,551.59375,568.763888888889,458.784027777778,467.826388888889,495.944444444444,434.486111111111,458.722222222222,471,471,485.034722222222,327.895833333333,263,407.105555555556,569.572916666667,633.172222222222
1231.25972222222,713.846527777778,888.066666666667,1293.06388888889,1000.90208333333,960.265972222222,1052.51458333333,1090.81875,974.177777777778,514.9625,763.227777777778,776,821.230555555556,884.250694444444,536,771.574305555556,674.8,465.434027777778,690.947916666667,603.738888888889,425.600694444444,500.170138888889,151.673611111111,303.754166666667,779.545833333333,685.876388888889,671.856944444444,773.749305555556
992.664583333333,1333.09236111111,1118.03611111111,981.054861111111,1023.0875,915.936111111111,754.770833333333,870.870138888889,763,693.855555555556,831.984722222222,1120.05416666667,1039.98333333333,722.629861111111,488.511111111111,583.475,674,622.291666666667,421.652777777778,325.679166666667,361.148611111111,521.540972222222,256.375,476.851388888889,625.814583333333,901.477777777778,341.484027777778,179
691.488888888889,986.465972222222,911.128472222222,555.927083333333,479.358333333333,321.755555555556,379,371.333333333333,396.838888888889,557.323611111111,472.134722222222,879.645833333333,537.814583333333,452.860416666667,530,737.811111111111,1315.40972222222,1500,1321.83472222222,1120.65416666667,1202.70555555556,1155.7,907.370833333333,950.1875,981.813194444444,732.394444444444,285.334722222222,299
231.155555555556,66.65625,0,124.125694444444,402.055555555556,224.244444444444,82,183.411111111111,199.365277777778,367.875,614.229166666667,781.160416666667,834.7,575.065277777778,521.940972222222,283.811805555556,79.8416666666667,154.890277777778,446.981944444444,536.872916666667,193.784027777778,34.1791666666667,78,100.840277777778,96.7777777777778,87.2430555555556,114.833333333333,101.204861111111
633.15625,546.9375,258.925,485.590972222222,434.563888888889,34.3263888888889,0,187.365277777778,548.025,1154.57430555556,835.061805555556,686.25625,647.095833333333,762.198611111111,1027.66111111111,867.379166666667,636.425,649.514583333333,584.24375,518.392361111111,742.750694444444,219.413888888889,48.7604166666667,148.504166666667,231.29375,356.942361111111,498.715277777778,520.347916666667
542.429166666667,679.80625,657.353472222222,179.761111111111,345,607.579166666667,414.010416666667,459.247916666667,382.458333333333,374,299.288888888889,457.60625,483.422916666667,476.083333333333,231.000694444444,247.175694444444,542.511805555556,710.090277777778,805,886.041666666667,850.6,1139.72916666667,1333.67083333333,1023.05555555556,1480.5375,1373.20555555556,1292.55069444444,1343.12291666667
79,98.1986111111111,101.955555555556,101.865972222222,534.816666666667,926.9375,1316.97152777778,1664.33055555556,1530.9375,1255.6125,946.663194444444,689.701388888889,1045.18819444444,1107.80208333333,1078.86736111111,1237.31527777778,1369.02569444444,1040.41666666667,1141.75277777778,692.044444444444,948.224305555556,757.973611111111,769.613888888889,731.302777777778,800.013888888889,539.547222222222,106.725,188.738194444444
1225.98611111111,1408.64583333333,1308.76041666667,1106.78472222222,597.666666666667,290.314583333333,148.170833333333,346.879166666667,551.263888888889,514.540972222222,262.311111111111,418.947222222222,461,517.017361111111,612.324305555556,424.225,472.874305555556,391.746527777778,549.922222222222,465.1375,160,453.363888888889,571.3625,787.151388888889,1513.77916666667,1138.24861111111,506.827083333333,722.582638888889
446.093055555556,859.433333333333,961.006944444445,1145,1595.49444444444,1637.27291666667,938.791666666667,905.130555555556,1234.075,1139.21111111111,930.806944444444,993.647222222222,776.01875,863.245833333333,855.826388888889,1042.50069444444,1121.22222222222,1113.13263888889,897.794444444445,969.397916666667,570.2625,278.2625,209.727777777778,464.2375,619,544.9375,217.720138888889,167.350694444444
184.202777777778,106.8,103.657638888889,274.102777777778,525.759722222222,632.638888888889,873.685416666667,817.409027777778,397.038888888889,84,131.1875,171.941666666667,593.225,503.861111111111,122.534722222222,0,0,143.709027777778,689.55,802.561111111111,615.399305555556,496.888194444444,445.779166666667,720.858333333333,651.400694444444,880.602777777778,811.711111111111,329.513888888889
271.314583333333,626.372222222222,475.315277777778,62.7708333333333,0,0,157.361111111111,275,324.546527777778,593.227777777778,795.797222222222,711.25,540,645.804166666667,281.229861111111,259.040972222222,82,209.358333333333,439.963888888889,505.613888888889,388.802777777778,376.648611111111,363.030555555556,716.684027777778,866.116666666667,963.209722222222,499.490277777778,544.552777777778
337.735416666667,600.535416666667,397.0875,649.920833333333,421.713194444444,530.963888888889,628.745833333333,643.602083333333,610.378472222222,531.522916666667,726.011805555556,703.951388888889,590.007638888889,360,508.107638888889,669.328472222222,731.489583333333,316.00625,218,342.922222222222,722.48125,789.177083333333,739.797222222222,746.579861111111,533.359722222222,186.840972222222,210.454166666667,0
504.049305555556,493.183333333333,279.150694444444,363.611805555556,432.306944444445,647.108333333333,915.3,505.660416666667,421.284722222222,500.409027777778,570.054166666667,601.415277777778,686.0375,944.083333333333,1123.93958333333,795.691666666667,890.901388888889,801.868055555556,167.284722222222,160.211111111111,496.76875,376.845833333333,751.152777777778,1131.54305555556,1390.01458333333,892.496527777778,888.032638888889,292.3875
372.813194444444,136.415972222222,238.21875,473.020833333333,490.984027777778,561,573.361111111111,595.080555555556,529.21875,335.606944444444,125.690277777778,161.516666666667,140.611111111111,136.770833333333,104,276.920833333333,590.227777777778,725.723611111111,484.854861111111,543.55625,707.791666666667,623.226388888889,370.761805555556,508.335416666667,482.329861111111,433.069444444444,447.275,277.429166666667
1310.20416666667,1287.30833333333,1440.49791666667,1042.95347222222,499.746527777778,205.401388888889,97.6444444444445,0,0,72.59375,168.138888888889,82.7104166666667,470.636805555556,622.777777777778,547,514.1875,61.4229166666667,164.686111111111,192.48125,142.333333333333,398.305555555556,520,535.486805555556,358,535.256944444445,510.984722222222,477.425694444445,479.943055555556
301.70625,227.876388888889,381.416666666667,446.796527777778,344.819444444444,311.381944444444,441,368.216666666667,353,398.404166666667,436.066666666667,363.756944444444,82.1125,157.811111111111,14.5916666666667,22.8958333333333,57.7770833333333,54.2368055555556,75.7208333333333,365.383333333333,497.030555555556,122.138888888889,530.684722222222,992.265972222222,405.627777777778,4.66388888888889,27.9972222222222,297.278472222222
879.702777777778,608.993055555556,670.299305555556,444.91875,482.211111111111,671.157638888889,605,825.513194444445,1267.29652777778,1310.37013888889,1034.44583333333,746.245138888889,681.303472222222,500.375,268.50625,445.191666666667,509.055555555556,410.325,175.71875,620.911805555556,506.988888888889,507,157.175,599.503472222222,734.258333333333,404.805555555556,246.711111111111,272.265277777778
342.916666666667,333,542.245833333333,756.502083333333,264.180555555556,142.600694444444,206.675,632.114583333333,609.65,749.346527777778,713.778472222222,597.133333333333,819.679166666667,674.574305555556,887.819444444444,1182.49166666667,839.2125,544.691666666667,558.75,563.751388888889,262.019444444444,422.234027777778,833.555555555556,823.546527777778,416.627083333333,511,586.918055555556,559.161805555556
416.686111111111,375.025,113.514583333333,99.28125,81,171.069444444444,198.238888888889,166.444444444444,347.786805555556,815.773611111111,820.541666666667,1013.03611111111,796.536111111111,582.452083333333,276,165.707638888889,34.2222222222222,64.3965277777778,631.474305555556,670.714583333333,561.463194444444,590.636805555556,592.879166666667,307.29375,310.55,307.408333333333,500.045833333333,399.705555555556
532.4375,719.891666666667,545.997916666667,504.948611111111,444,497.283333333333,736.09375,932.475694444445,1080.99583333333,1238.89513888889,1321.55208333333,1007.84166666667,682.445833333333,569.240972222222,230.026388888889,170.584027777778,547.3,510.111111111111,469.3125,423.899305555556,493,479.511111111111,464.1875,364.870138888889,357.908333333333,341.466666666667,503.63125,763.511805555556
638.084722222222,483.346527777778,595.056944444444,749,482.605555555556,121.902777777778,54.0444444444444,110.857638888889,401.70625,590.929861111111,895.684027777778,853.158333333333,618.65625,385.865277777778,236.11875,124.929166666667,135.19375,546.083333333333,83.2006944444445,130.115277777778,115.480555555556,262.031944444444,92.7006944444445,0,314.173611111111,146.007638888889,94.55,236.525
832.55,678.927777777778,661.243055555556,505.774305555556,595.472222222222,639.885416666667,578.838194444444,787.334722222222,988.592361111111,1674.41458333333,1164.32916666667,718.486111111111,444.3625,290.852777777778,33.1104166666667,462.858333333333,858.417361111111,1037.53472222222,580.468055555556,302.940277777778,272.28125,241,220.0375,358.586805555556,606.705555555556,627.902777777778,380.272222222222,295.622222222222
757.047222222222,506,480.390972222222,480.851388888889,473.839583333333,788.854166666667,1278.44861111111,1240.82916666667,792.488888888889,738.933333333333,740.038888888889,788,762.707638888889,483.811805555556,362.354861111111,117.111805555556,474.110416666667,531.983333333333,334.838888888889,0,39.2715277777778,63.0548611111111,158.776388888889,305.815277777778,453.705555555556,489.405555555556,522.43125,622
164.280555555556,44.6298611111111,77.6888888888889,164.889583333333,233.976388888889,196.463888888889,153,102.856944444444,177.091666666667,426.732638888889,168,418.5375,301.6625,193.526388888889,441.551388888889,509.225,534.298611111111,670.080555555556,538.596527777778,309.6875,291.078472222222,361.950694444444,362.41875,427.290277777778,676.616666666667,666.352777777778,608.123611111111,529.73125
242.315972222222,180,297.890277777778,475.502777777778,424.465277777778,286.713194444444,354.765277777778,649.695833333333,990.429861111111,620.672916666667,483.227777777778,640.893055555556,573.286805555556,678.288194444444,616.959722222222,721.384027777778,809.332638888889,892.297222222222,1200.40208333333,1263.17222222222,1384.66111111111,1420.33888888889,1353.26805555556,1122.4375,1019.15555555556,1131.93402777778,1031.3125,801.913888888889
114.840277777778,261.584722222222,355.042361111111,268.9125,639.102083333333,1119.72222222222,1575.42569444444,1855.50416666667,1589.29861111111,1961.83125,1153.91666666667,547.4,438.541666666667,158.4,179.336805555556,329.498611111111,299.783333333333,302.038194444444,499.21875,619.008333333333,737.610416666667,724.158333333333,540.607638888889,1014.45625,666.615972222222,710.959722222222,572.011111111111,326.533333333333
589.827777777778,830.418055555556,734.961111111111,668.666666666667,579.644444444444,743.333333333333,661.190277777778,581.563194444444,239.223611111111,214.308333333333,267.203472222222,314.666666666667,529.375,542.625,293.590277777778,292.202777777778,210.097916666667,201.747222222222,534.143055555556,673.683333333333,850.510416666667,777.070138888889,529.951388888889,474.248611111111,617.168055555556,790.9125,458.726388888889,841.117361111111
585.872222222222,772.259027777778,581.28125,1035.2,984.703472222222,1125.57361111111,1044.18125,440.579861111111,818.059027777778,679.142361111111,713.745833333333,782.779166666667,506.8125,228.676388888889,192.565277777778,274.258333333333,230.6875,189.176388888889,206.5,531.45,595.041666666667,431,333.126388888889,401,401,317.177777777778,359,477.220138888889
509.151388888889,648.354861111111,544.580555555556,575.047222222222,328.709722222222,232.536111111111,74.0993055555556,136.160416666667,105.125,413.608333333333,632.85,617.136805555556,377,464.327083333333,595.006944444445,492.095833333333,330.976388888889,349,387.109722222222,668.529166666667,603.066666666667,537.775,374.9375,158.273611111111,277.608333333333,351.933333333333,392.675,313.493055555556
474.9375,417.341666666667,238,656.497916666667,553.531944444444,372.398611111111,548.161805555556,480.243055555556,381.372916666667,308.986111111111,326,452.106944444444,439.498611111111,239.904166666667,1050.89583333333,1084.61041666667,509.5,165.784722222222,144.5125,352.872916666667,495.86875,464.885416666667,503.75,508,453.652777777778,334.8125,122.166666666667,251.3
338,544.258333333333,885.221527777778,1005.03263888889,1005.30486111111,985.90625,867.988194444444,427.002777777778,298.233333333333,125.4375,131.422916666667,110,84.9576388888889,321.469444444444,351.391666666667,452.197916666667,448.54375,416.9375,26.6229166666667,136.966666666667,202.219444444444,309.440277777778,457.363888888889,705.502777777778,428.689583333333,118.383333333333,21.3458333333333,26.7222222222222
311.835416666667,716.045833333333,725.695138888889,523.042361111111,360.326388888889,590.916666666667,602.513888888889,426.861111111111,745.091666666667,654.883333333333,306.936111111111,984.274305555556,849.009722222222,601.405555555556,679.564583333333,839.536111111111,715.874305555556,625,662.506944444445,853.048611111111,1124.24375,933.893055555556,1166.88055555556,1056.40972222222,658.447222222222,746.106944444445,661.115972222222,447.041666666667
4.79166666666667,204.06875,494.589583333333,682.100694444445,811.885416666667,738.78125,556.225,464.108333333333,455.861111111111,416,686.308333333333,613,396.252777777778,231.725,165.027777777778,106.272222222222,187.411111111111,236.291666666667,676.5375,408.781944444444,183,183,107.466666666667,80,302.755555555556,630.919444444444,646.715972222222,816.313888888889
